<manifest alg="2" build="2015.0.0.309" opt="false" iceEnabled="true" iceMarkupVersion="2" exportTarget="other" domain="nnshs.com" resolutions="1x" timestamp="1489584514462">
  <folder name="css">
    <file name="site_global.css" crc="227355463"/>
    <file name="master_a-master.css" crc="3977766125" ref="health_information:radiology:index:view_records:pharmacy:student_record:physiotherapy:getdata:student_mgmt:dental:medicallab:environmeentalhealth:basic"/>
    <file name="health_information.css" crc="318376757" ref="health_information"/>
    <file name="radiology.css" crc="4257831497" ref="radiology"/>
    <file name="index.css" crc="4224290641" ref="index"/>
    <file name="view_records.css" crc="289916765" ref="view_records"/>
    <file name="pharmacy.css" crc="157744017" ref="pharmacy"/>
    <file name="student_record.css" crc="3811091708" ref="student_record"/>
    <file name="physiotherapy.css" crc="462590906" ref="physiotherapy"/>
    <file name="getdata.css" crc="3782618905" ref="getdata"/>
    <file name="student_mgmt.css" crc="3912050431" ref="student_mgmt"/>
    <file name="dental.css" crc="364989347" ref="dental"/>
    <file name="medicallab.css" crc="3892736756" ref="medicallab"/>
    <file name="environmeentalhealth.css" crc="3864373997" ref="environmeentalhealth"/>
    <file name="basic.css" crc="4086989392" ref="basic"/>
  </folder>
  <folder name="scripts">
    <file name="jquery-1.8.3.min.js" crc="4255413929" ref="index:student_mgmt:student_record:view_records:health_information:environmeentalhealth:medicallab:dental:physiotherapy:pharmacy:radiology:basic:getdata"/>
    <file name="museutils.js" crc="183364071" ref="index:student_mgmt:student_record:view_records:health_information:environmeentalhealth:medicallab:dental:physiotherapy:pharmacy:radiology:basic:getdata"/>
    <file name="jquery.watch.js" crc="71412426" ref="index:student_mgmt:student_record:view_records:health_information:environmeentalhealth:medicallab:dental:physiotherapy:pharmacy:radiology:basic:getdata"/>
    <file name="pie.js" crc="3827607177" ref="index:student_mgmt:student_record:view_records:health_information:environmeentalhealth:medicallab:dental:physiotherapy:pharmacy:radiology:basic:getdata"/>
    <file name="webpro.js" crc="3803554875" ref="student_mgmt:student_record:view_records"/>
    <file name="musewpslideshow.js" crc="242596657" ref="student_mgmt:student_record:view_records"/>
    <file name="jquery.museoverlay.js" crc="493285861" ref="student_mgmt:student_record:view_records"/>
    <file name="touchswipe.js" crc="4038331989" ref="student_mgmt:student_record:view_records"/>
  </folder>
  <folder name="images">
    <file name="favicon.ico" crc="3903427922" ref="index"/>
    <file name="logo-crop-u98.png" crc="3867285669" ref="index:student_mgmt:student_record:view_records:health_information:environmeentalhealth:medicallab:dental:physiotherapy:pharmacy:radiology:basic:getdata"/>
    <file name="0115-users.png" crc="136394579" seo="true" ref="index"/>
    <file name="0047-stack.png" crc="4142356687" seo="true" ref="index"/>
    <file name="0049-folder-open.png" crc="185356494" seo="true" ref="index"/>
    <file name="0003-home3.png" crc="415824374" seo="true" ref="student_mgmt:student_record:view_records"/>
    <file name="name.png" crc="338723343" seo="true" ref="student_mgmt"/>
    <file name="rank.png" crc="294977704" seo="true" ref="student_mgmt"/>
    <file name="dept.png" crc="4110853525" seo="true" ref="student_mgmt"/>
    <file name="level.png" crc="4151588921" seo="true" ref="student_mgmt"/>
    <file name="depticon.png" crc="4116355182" seo="true" ref="student_record:view_records"/>
    <file name="0104-undo2.png" crc="51370102" seo="true" ref="health_information:environmeentalhealth:medicallab:dental:physiotherapy:pharmacy:radiology:basic:getdata"/>
  </folder>
  <file name="index.html" crc="3845100805" seo="true" mt="1489583129671" redirect="true"/>
  <file name="student_mgmt.html" crc="138883728" seo="true" mt="1489583129671" redirect="true"/>
  <file name="student_record.html" crc="438376549" seo="true" mt="1489583129671" redirect="true"/>
  <file name="view_records.html" crc="412524104" seo="true" mt="1489583199035" redirect="true"/>
  <file name="health_information.html" crc="4111978068" seo="true" mt="1489584129320" redirect="true"/>
  <file name="environmeentalhealth.html" crc="458219043" seo="true" mt="1489584153485" redirect="true"/>
  <file name="medicallab.html" crc="148978743" seo="true" mt="1489584160259" redirect="true"/>
  <file name="dental.html" crc="4065489801" seo="true" mt="1489584177751" redirect="true"/>
  <file name="physiotherapy.html" crc="4257102637" seo="true" mt="1489584190875" redirect="true"/>
  <file name="pharmacy.html" crc="3895393155" seo="true" mt="1489584200196" redirect="true"/>
  <file name="radiology.html" crc="3965040979" seo="true" mt="1489584206432" redirect="true"/>
  <file name="basic.html" crc="377461306" seo="true" mt="1489584230130" redirect="true"/>
  <file name="getdata.html" crc="510111326" seo="true" mt="1489584094767" redirect="true"/>
</manifest>