<manifest alg="2" build="2015.0.0.309" opt="false" iceEnabled="true" iceMarkupVersion="2" exportTarget="other" domain="NNSHS.COM" resolutions="1x" timestamp="1489927068779">
  <folder name="css">
    <file name="site_global.css" crc="4071975999"/>
    <file name="master_a-master.css" crc="517175704" ref="update_course:add_course:index"/>
    <file name="update_course.css" crc="4116943393" ref="update_course"/>
    <file name="add_course.css" crc="190201073" ref="add_course"/>
    <file name="index.css" crc="4010516454" ref="index"/>
  </folder>
  <folder name="scripts">
    <file name="jquery-1.8.3.min.js" crc="4255413929" ref="index:add_course:update_course"/>
    <file name="museutils.js" crc="183364071" ref="index:add_course:update_course"/>
    <file name="jquery.watch.js" crc="71412426" ref="index:add_course:update_course"/>
    <file name="pie.js" crc="3827607177" ref="index:add_course:update_course"/>
  </folder>
  <folder name="images">
    <file name="favicon.ico" crc="3903427922" ref="index"/>
    <file name="logo-crop-u78.png" crc="3867285669" ref="index:add_course:update_course"/>
    <file name="0003-home3.png" crc="415824374" seo="true" ref="index"/>
    <file name="0050-folder-plus.png" crc="367799624" seo="true" ref="index"/>
    <file name="23-512.png" crc="3854789309" seo="true" ref="index"/>
    <file name="0104-undo2.png" crc="51370102" seo="true" ref="add_course:update_course"/>
  </folder>
  <file name="index.html" crc="136259996" seo="true" mt="1489926952039" redirect="true"/>
  <file name="add_course.html" crc="89711019" seo="true" mt="1489926912718" redirect="true"/>
  <file name="update_course.html" crc="4171760555" seo="true" mt="1489926916868" redirect="true"/>
</manifest>